{
  "driver status": {
    "EYE STATE": 0
  },
  "face_labels": {
    "0": [
      203,
      225
    ],
    "1": [
      210,
      200
    ],
    "2": [
      211,
      208
    ],
    "3": [
      203,
      170
    ],
    "4": [
      210,
      191
    ],
    "5": [
      211,
      179
    ],
    "6": [
      213,
      149
    ],
    "7": [
      151,
      139
    ],
    "8": [
      214,
      127
    ],
    "9": [
      214,
      115
    ],
    "10": [
      232,
      28
    ],
    "11": [
      203,
      228
    ],
    "12": [
      204,
      232
    ],
    "13": [
      206,
      234
    ],
    "14": [
      205,
      235
    ],
    "15": [
      205,
      239
    ],
    "16": [
      206,
      244
    ],
    "17": [
      207,
      248
    ],
    "18": [
      210,
      261
    ],
    "19": [
      210,
      205
    ],
    "20": [
      200,
      205
    ],
    "21": [
      125,
      113
    ],
    "22": [
      177,
      147
    ],
    "23": [
      168,
      148
    ],
    "24": [
      159,
      148
    ],
    "25": [
      147,
      143
    ],
    "26": [
      185,
      145
    ],
    "27": [
      162,
      121
    ],
    "28": [
      173,
      122
    ],
    "29": [
      152,
      123
    ],
    "30": [
      146,
      127
    ],
    "31": [
      140,
      150
    ],
    "32": [
      175,
      272
    ],
    "33": [
      147,
      137
    ],
    "34": [
      120,
      150
    ],
    "35": [
      130,
      145
    ],
    "36": [
      164,
      188
    ],
    "37": [
      191,
      223
    ],
    "38": [
      194,
      232
    ],
    "39": [
      180,
      227
    ],
    "40": [
      175,
      231
    ],
    "41": [
      187,
      233
    ],
    "42": [
      181,
      234
    ],
    "43": [
      165,
      243
    ],
    "44": [
      202,
      200
    ],
    "45": [
      201,
      191
    ],
    "46": [
      133,
      119
    ],
    "47": [
      184,
      167
    ],
    "48": [
      178,
      196
    ],
    "49": [
      178,
      190
    ],
    "50": [
      140,
      186
    ],
    "51": [
      202,
      180
    ],
    "52": [
      152,
      107
    ],
    "53": [
      140,
      112
    ],
    "54": [
      132,
      99
    ],
    "55": [
      192,
      115
    ],
    "56": [
      183,
      127
    ],
    "57": [
      158,
      235
    ],
    "58": [
      125,
      231
    ],
    "59": [
      185,
      201
    ],
    "60": [
      193,
      204
    ],
    "61": [
      170,
      237
    ],
    "62": [
      173,
      237
    ],
    "63": [
      136,
      107
    ],
    "64": [
      178,
      199
    ],
    "65": [
      168,
      108
    ],
    "66": [
      166,
      101
    ],
    "67": [
      165,
      80
    ],
    "68": [
      136,
      107
    ],
    "69": [
      169,
      95
    ],
    "70": [
      129,
      117
    ],
    "71": [
      129,
      119
    ],
    "72": [
      192,
      228
    ],
    "73": [
      183,
      230
    ],
    "74": [
      178,
      232
    ],
    "75": [
      187,
      203
    ],
    "76": [
      171,
      237
    ],
    "77": [
      175,
      238
    ],
    "78": [
      174,
      237
    ],
    "79": [
      191,
      200
    ],
    "80": [
      184,
      235
    ],
    "81": [
      190,
      235
    ],
    "82": [
      197,
      234
    ],
    "83": [
      196,
      260
    ],
    "84": [
      195,
      248
    ],
    "85": [
      195,
      243
    ],
    "86": [
      195,
      239
    ],
    "87": [
      196,
      235
    ],
    "88": [
      184,
      236
    ],
    "89": [
      182,
      238
    ],
    "90": [
      179,
      240
    ],
    "91": [
      178,
      242
    ],
    "92": [
      168,
      220
    ],
    "93": [
      120,
      187
    ],
    "94": [
      211,
      207
    ],
    "95": [
      180,
      236
    ],
    "96": [
      177,
      237
    ],
    "97": [
      196,
      207
    ],
    "98": [
      180,
      204
    ],
    "99": [
      195,
      206
    ],
    "100": [
      175,
      172
    ],
    "101": [
      161,
      177
    ],
    "102": [
      177,
      194
    ],
    "103": [
      145,
      87
    ],
    "104": [
      149,
      99
    ],
    "105": [
      149,
      102
    ],
    "106": [
      173,
      250
    ],
    "107": [
      189,
      104
    ],
    "108": [
      190,
      95
    ],
    "109": [
      189,
      76
    ],
    "110": [
      151,
      146
    ],
    "111": [
      131,
      157
    ],
    "112": [
      190,
      143
    ],
    "113": [
      137,
      132
    ],
    "114": [
      191,
      162
    ],
    "115": [
      185,
      194
    ],
    "116": [
      124,
      166
    ],
    "117": [
      136,
      163
    ],
    "118": [
      147,
      166
    ],
    "119": [
      165,
      164
    ],
    "120": [
      178,
      160
    ],
    "121": [
      188,
      156
    ],
    "122": [
      204,
      151
    ],
    "123": [
      123,
      183
    ],
    "124": [
      131,
      132
    ],
    "125": [
      205,
      205
    ],
    "126": [
      184,
      176
    ],
    "127": [
      120,
      149
    ],
    "128": [
      194,
      151
    ],
    "129": [
      176,
      194
    ],
    "130": [
      143,
      138
    ],
    "131": [
      185,
      187
    ],
    "132": [
      122,
      209
    ],
    "133": [
      190,
      140
    ],
    "134": [
      193,
      183
    ],
    "135": [
      138,
      252
    ],
    "136": [
      139,
      263
    ],
    "137": [
      118,
      186
    ],
    "138": [
      129,
      240
    ],
    "139": [
      124,
      133
    ],
    "140": [
      172,
      281
    ],
    "141": [
      206,
      207
    ],
    "142": [
      175,
      182
    ],
    "143": [
      125,
      147
    ],
    "144": [
      160,
      142
    ],
    "145": [
      168,
      143
    ],
    "146": [
      173,
      240
    ],
    "147": [
      123,
      200
    ],
    "148": [
      188,
      296
    ],
    "149": [
      161,
      283
    ],
    "150": [
      150,
      275
    ],
    "151": [
      215,
      95
    ],
    "152": [
      208,
      298
    ],
    "153": [
      176,
      143
    ],
    "154": [
      183,
      142
    ],
    "155": [
      188,
      141
    ],
    "156": [
      126,
      131
    ],
    "157": [
      182,
      134
    ],
    "158": [
      173,
      132
    ],
    "159": [
      165,
      131
    ],
    "160": [
      157,
      132
    ],
    "161": [
      152,
      134
    ],
    "162": [
      121,
      129
    ],
    "163": [
      154,
      141
    ],
    "164": [
      211,
      213
    ],
    "165": [
      176,
      216
    ],
    "166": [
      185,
      200
    ],
    "167": [
      196,
      213
    ],
    "168": [
      213,
      138
    ],
    "169": [
      149,
      263
    ],
    "170": [
      160,
      272
    ],
    "171": [
      189,
      288
    ],
    "172": [
      131,
      250
    ],
    "173": [
      188,
      138
    ],
    "174": [
      197,
      165
    ],
    "175": [
      208,
      290
    ],
    "176": [
      173,
      290
    ],
    "177": [
      119,
      205
    ],
    "178": [
      189,
      235
    ],
    "179": [
      187,
      238
    ],
    "180": [
      186,
      241
    ],
    "181": [
      185,
      246
    ],
    "182": [
      183,
      256
    ],
    "183": [
      177,
      236
    ],
    "184": [
      174,
      235
    ],
    "185": [
      171,
      234
    ],
    "186": [
      161,
      227
    ],
    "187": [
      133,
      205
    ],
    "188": [
      198,
      156
    ],
    "189": [
      196,
      133
    ],
    "190": [
      191,
      134
    ],
    "191": [
      180,
      236
    ],
    "192": [
      131,
      226
    ],
    "193": [
      202,
      133
    ],
    "194": [
      179,
      263
    ],
    "195": [
      211,
      169
    ],
    "196": [
      203,
      161
    ],
    "197": [
      212,
      159
    ],
    "198": [
      189,
      179
    ],
    "199": [
      209,
      280
    ],
    "200": [
      209,
      269
    ],
    "201": [
      194,
      268
    ],
    "202": [
      158,
      246
    ],
    "203": [
      169,
      200
    ],
    "204": [
      167,
      255
    ],
    "205": [
      150,
      198
    ],
    "206": [
      161,
      209
    ],
    "207": [
      143,
      212
    ],
    "208": [
      191,
      278
    ],
    "209": [
      183,
      183
    ],
    "210": [
      151,
      253
    ],
    "211": [
      163,
      263
    ],
    "212": [
      151,
      235
    ],
    "213": [
      125,
      216
    ],
    "214": [
      140,
      236
    ],
    "215": [
      123,
      223
    ],
    "216": [
      154,
      219
    ],
    "217": [
      190,
      171
    ],
    "218": [
      188,
      198
    ],
    "219": [
      181,
      199
    ],
    "220": [
      192,
      192
    ],
    "221": [
      187,
      123
    ],
    "222": [
      171,
      117
    ],
    "223": [
      157,
      116
    ],
    "224": [
      147,
      119
    ],
    "225": [
      140,
      124
    ],
    "226": [
      137,
      141
    ],
    "227": [
      118,
      168
    ],
    "228": [
      144,
      153
    ],
    "229": [
      154,
      156
    ],
    "230": [
      166,
      156
    ],
    "231": [
      178,
      153
    ],
    "232": [
      187,
      150
    ],
    "233": [
      193,
      148
    ],
    "234": [
      120,
      168
    ],
    "235": [
      181,
      201
    ],
    "236": [
      196,
      174
    ],
    "237": [
      195,
      199
    ],
    "238": [
      200,
      204
    ],
    "239": [
      195,
      201
    ],
    "240": [
      183,
      203
    ],
    "241": [
      202,
      204
    ],
    "242": [
      203,
      206
    ],
    "243": [
      193,
      140
    ],
    "244": [
      197,
      143
    ],
    "245": [
      199,
      145
    ],
    "246": [
      149,
      136
    ],
    "247": [
      142,
      132
    ],
    "248": [
      220,
      170
    ],
    "249": [
      280,
      146
    ],
    "250": [
      222,
      204
    ],
    "251": [
      315,
      114
    ],
    "252": [
      254,
      152
    ],
    "253": [
      263,
      153
    ],
    "254": [
      271,
      153
    ],
    "255": [
      284,
      149
    ],
    "256": [
      246,
      149
    ],
    "257": [
      269,
      127
    ],
    "258": [
      259,
      128
    ],
    "259": [
      279,
      129
    ],
    "260": [
      285,
      133
    ],
    "261": [
      291,
      155
    ],
    "262": [
      245,
      273
    ],
    "263": [
      284,
      144
    ],
    "264": [
      317,
      151
    ],
    "265": [
      302,
      150
    ],
    "266": [
      261,
      188
    ],
    "267": [
      216,
      223
    ],
    "268": [
      216,
      232
    ],
    "269": [
      231,
      227
    ],
    "270": [
      240,
      230
    ],
    "271": [
      227,
      232
    ],
    "272": [
      235,
      233
    ],
    "273": [
      258,
      242
    ],
    "274": [
      219,
      200
    ],
    "275": [
      220,
      191
    ],
    "276": [
      299,
      125
    ],
    "277": [
      242,
      167
    ],
    "278": [
      245,
      195
    ],
    "279": [
      246,
      190
    ],
    "280": [
      287,
      186
    ],
    "281": [
      220,
      180
    ],
    "282": [
      279,
      112
    ],
    "283": [
      291,
      117
    ],
    "284": [
      307,
      99
    ],
    "285": [
      237,
      118
    ],
    "286": [
      249,
      132
    ],
    "287": [
      266,
      234
    ],
    "288": [
      306,
      234
    ],
    "289": [
      238,
      200
    ],
    "290": [
      230,
      204
    ],
    "291": [
      250,
      236
    ],
    "292": [
      247,
      236
    ],
    "293": [
      297,
      112
    ],
    "294": [
      246,
      198
    ],
    "295": [
      261,
      112
    ],
    "296": [
      264,
      105
    ],
    "297": [
      271,
      79
    ],
    "298": [
      300,
      107
    ],
    "299": [
      264,
      95
    ],
    "300": [
      305,
      122
    ],
    "301": [
      308,
      120
    ],
    "302": [
      216,
      228
    ],
    "303": [
      229,
      230
    ],
    "304": [
      237,
      232
    ],
    "305": [
      236,
      202
    ],
    "306": [
      249,
      236
    ],
    "307": [
      244,
      237
    ],
    "308": [
      245,
      236
    ],
    "309": [
      232,
      199
    ],
    "310": [
      233,
      234
    ],
    "311": [
      225,
      234
    ],
    "312": [
      216,
      234
    ],
    "313": [
      224,
      260
    ],
    "314": [
      220,
      247
    ],
    "315": [
      218,
      243
    ],
    "316": [
      217,
      238
    ],
    "317": [
      216,
      235
    ],
    "318": [
      233,
      234
    ],
    "319": [
      235,
      236
    ],
    "320": [
      238,
      238
    ],
    "321": [
      241,
      241
    ],
    "322": [
      256,
      219
    ],
    "323": [
      316,
      190
    ],
    "324": [
      239,
      235
    ],
    "325": [
      241,
      236
    ],
    "326": [
      226,
      207
    ],
    "327": [
      243,
      203
    ],
    "328": [
      228,
      205
    ],
    "329": [
      252,
      172
    ],
    "330": [
      266,
      177
    ],
    "331": [
      247,
      194
    ],
    "332": [
      293,
      87
    ],
    "333": [
      286,
      99
    ],
    "334": [
      283,
      106
    ],
    "335": [
      250,
      249
    ],
    "336": [
      241,
      107
    ],
    "337": [
      242,
      95
    ],
    "338": [
      247,
      76
    ],
    "339": [
      279,
      152
    ],
    "340": [
      300,
      161
    ],
    "341": [
      241,
      147
    ],
    "342": [
      294,
      138
    ],
    "343": [
      235,
      162
    ],
    "344": [
      238,
      193
    ],
    "345": [
      309,
      167
    ],
    "346": [
      293,
      166
    ],
    "347": [
      281,
      168
    ],
    "348": [
      263,
      166
    ],
    "349": [
      250,
      162
    ],
    "350": [
      241,
      158
    ],
    "351": [
      222,
      151
    ],
    "352": [
      308,
      184
    ],
    "353": [
      301,
      137
    ],
    "354": [
      216,
      205
    ],
    "355": [
      242,
      176
    ],
    "356": [
      320,
      150
    ],
    "357": [
      234,
      153
    ],
    "358": [
      249,
      193
    ],
    "359": [
      288,
      144
    ],
    "360": [
      238,
      187
    ],
    "361": [
      313,
      211
    ],
    "362": [
      242,
      144
    ],
    "363": [
      229,
      182
    ],
    "364": [
      287,
      254
    ],
    "365": [
      286,
      266
    ],
    "366": [
      316,
      188
    ],
    "367": [
      299,
      242
    ],
    "368": [
      313,
      134
    ],
    "369": [
      247,
      283
    ],
    "370": [
      215,
      207
    ],
    "371": [
      251,
      182
    ],
    "372": [
      310,
      152
    ],
    "373": [
      271,
      148
    ],
    "374": [
      263,
      148
    ],
    "375": [
      246,
      238
    ],
    "376": [
      306,
      202
    ],
    "377": [
      229,
      297
    ],
    "378": [
      260,
      286
    ],
    "379": [
      272,
      278
    ],
    "380": [
      256,
      147
    ],
    "381": [
      249,
      146
    ],
    "382": [
      244,
      145
    ],
    "383": [
      308,
      136
    ],
    "384": [
      251,
      140
    ],
    "385": [
      259,
      139
    ],
    "386": [
      266,
      139
    ],
    "387": [
      274,
      140
    ],
    "388": [
      279,
      142
    ],
    "389": [
      319,
      130
    ],
    "390": [
      276,
      147
    ],
    "391": [
      247,
      215
    ],
    "392": [
      238,
      199
    ],
    "393": [
      227,
      213
    ],
    "394": [
      274,
      266
    ],
    "395": [
      261,
      275
    ],
    "396": [
      229,
      289
    ],
    "397": [
      297,
      252
    ],
    "398": [
      245,
      142
    ],
    "399": [
      228,
      165
    ],
    "400": [
      246,
      292
    ],
    "401": [
      313,
      207
    ],
    "402": [
      225,
      234
    ],
    "403": [
      227,
      237
    ],
    "404": [
      229,
      240
    ],
    "405": [
      232,
      244
    ],
    "406": [
      238,
      256
    ],
    "407": [
      241,
      234
    ],
    "408": [
      244,
      234
    ],
    "409": [
      247,
      233
    ],
    "410": [
      263,
      226
    ],
    "411": [
      295,
      205
    ],
    "412": [
      229,
      156
    ],
    "413": [
      235,
      136
    ],
    "414": [
      241,
      138
    ],
    "415": [
      239,
      235
    ],
    "416": [
      296,
      228
    ],
    "417": [
      226,
      135
    ],
    "418": [
      241,
      264
    ],
    "419": [
      221,
      161
    ],
    "420": [
      235,
      179
    ],
    "421": [
      225,
      269
    ],
    "422": [
      265,
      246
    ],
    "423": [
      256,
      200
    ],
    "424": [
      255,
      256
    ],
    "425": [
      275,
      198
    ],
    "426": [
      264,
      208
    ],
    "427": [
      283,
      212
    ],
    "428": [
      227,
      279
    ],
    "429": [
      242,
      183
    ],
    "430": [
      272,
      254
    ],
    "431": [
      259,
      264
    ],
    "432": [
      274,
      235
    ],
    "433": [
      304,
      217
    ],
    "434": [
      285,
      237
    ],
    "435": [
      308,
      225
    ],
    "436": [
      271,
      219
    ],
    "437": [
      235,
      171
    ],
    "438": [
      234,
      198
    ],
    "439": [
      242,
      198
    ],
    "440": [
      229,
      192
    ],
    "441": [
      244,
      127
    ],
    "442": [
      259,
      122
    ],
    "443": [
      273,
      122
    ],
    "444": [
      284,
      125
    ],
    "445": [
      291,
      130
    ],
    "446": [
      294,
      147
    ],
    "447": [
      318,
      169
    ],
    "448": [
      286,
      158
    ],
    "449": [
      276,
      160
    ],
    "450": [
      263,
      159
    ],
    "451": [
      252,
      156
    ],
    "452": [
      243,
      153
    ],
    "453": [
      237,
      150
    ],
    "454": [
      319,
      169
    ],
    "455": [
      242,
      200
    ],
    "456": [
      228,
      174
    ],
    "457": [
      227,
      199
    ],
    "458": [
      222,
      203
    ],
    "459": [
      227,
      200
    ],
    "460": [
      240,
      203
    ],
    "461": [
      219,
      204
    ],
    "462": [
      219,
      206
    ],
    "463": [
      238,
      144
    ],
    "464": [
      233,
      145
    ],
    "465": [
      229,
      146
    ],
    "466": [
      282,
      143
    ],
    "467": [
      289,
      138
    ],
    "468": [
      170,
      135
    ],
    "469": [
      181,
      135
    ],
    "470": [
      169,
      127
    ],
    "471": [
      160,
      136
    ],
    "472": [
      171,
      144
    ],
    "473": [
      262,
      143
    ],
    "474": [
      272,
      143
    ],
    "475": [
      263,
      136
    ],
    "476": [
      253,
      142
    ],
    "477": [
      262,
      149
    ]
  }
}